[{"created_at": "Fri Aug 31 01:30:52 +0000 2018", "id": 1035339102521098241, "id_str": "1035339102521098241", "text": "RT @boblatta: Spoke at the #SwantonRotary today to provide a legislative update. Thank you to new Swanton Rotary President Rosanna Hoelze f\u2026", "truncated": false, "entities": {"hashtags": [{"text": "SwantonRotary", "indices": [27, 41]}], "symbols": [], "user_mentions": [{"screen_name": "boblatta", "name": "U.S. Rep. Bob Latta", "id": 15394954, "id_str": "15394954", "indices": [3, 12]}], "urls": []}, "source": "<a href=\"http://twitter.com/download/android\" rel=\"nofollow\">Twitter for Android</a>", "user": {"id": 989275391369064449, "id_str": "989275391369064449", "name": "Jan Schmidt", "screen_name": "JanSchm61866981", "location": "", "description": "", "url": null, "entities": {"description": {"urls": []}}, "protected": false, "followers_count": 11, "friends_count": 34, "listed_count": 0, "created_at": "Wed Apr 25 22:50:07 +0000 2018", "favourites_count": 1404, "utc_offset": null, "time_zone": null, "geo_enabled": false, "verified": false, "statuses_count": 6, "lang": "en", "contributors_enabled": false, "is_translator": false, "is_translation_enabled": false, "profile_background_color": "F5F8FA", "profile_background_image_url": null, "profile_background_image_url_https": null, "profile_background_tile": false, "profile_image_url": "http://abs.twimg.com/sticky/default_profile_images/default_profile_normal.png", "profile_image_url_https": "https://abs.twimg.com/sticky/default_profile_images/default_profile_normal.png", "profile_link_color": "1DA1F2", "profile_sidebar_border_color": "C0DEED", "profile_sidebar_fill_color": "DDEEF6", "profile_text_color": "333333", "profile_use_background_image": true, "has_extended_profile": false, "default_profile": true, "default_profile_image": true, "following": false, "follow_request_sent": false, "notifications": false, "translator_type": "none"}, "retweeted_status": {"created_at": "Thu Aug 30 21:28:38 +0000 2018", "id": 1035278141244157952, "id_str": "1035278141244157952", "text": "Spoke at the #SwantonRotary today to provide a legislative update. Thank you to new Swanton Rotary President Rosann\u2026 https://t.co/QO2TyIfBJ1", "truncated": true, "entities": {"hashtags": [{"text": "SwantonRotary", "indices": [13, 27]}], "symbols": [], "user_mentions": [], "urls": [{"url": "https://t.co/QO2TyIfBJ1", "expanded_url": "https://twitter.com/i/web/status/1035278141244157952", "display_url": "twitter.com/i/web/status/1\u2026", "indices": [117, 140]}]}, "source": "<a href=\"http://twitter.com/download/iphone\" rel=\"nofollow\">Twitter for iPhone</a>", "in_reply_to_status_id": null, "in_reply_to_status_id_str": null, "in_reply_to_user_id": null, "in_reply_to_user_id_str": null, "in_reply_to_screen_name": null, "user": {"id": 15394954, "id_str": "15394954", "name": "U.S. Rep. Bob Latta", "screen_name": "boblatta", "location": "\u00dcT: 41.052377,-82.130057", "description": "Representing #OH5. Deputy Whip. Member of @HouseCommerce Committee. Chairman of the Digital Commerce & Consumer Protection Subcommittee.", "url": "http://t.co/dSKBcpo6FL", "entities": {"url": {"urls": [{"url": "http://t.co/dSKBcpo6FL", "expanded_url": "http://latta.house.gov", "display_url": "latta.house.gov", "indices": [0, 22]}]}, "description": {"urls": []}}, "protected": false, "followers_count": 36287, "friends_count": 5773, "listed_count": 1318, "created_at": "Fri Jul 11 18:33:24 +0000 2008", "favourites_count": 502, "utc_offset": null, "time_zone": null, "geo_enabled": true, "verified": true, "statuses_count": 6705, "lang": "en", "contributors_enabled": false, "is_translator": false, "is_translation_enabled": false, "profile_background_color": "4F4F4F", "profile_background_image_url": "http://abs.twimg.com/images/themes/theme1/bg.png", "profile_background_image_url_https": "https://abs.twimg.com/images/themes/theme1/bg.png", "profile_background_tile": false, "profile_image_url": "http://pbs.twimg.com/profile_images/621369511636135937/Zk5PgsWw_normal.jpg", "profile_image_url_https": "https://pbs.twimg.com/profile_images/621369511636135937/Zk5PgsWw_normal.jpg", "profile_banner_url": "https://pbs.twimg.com/profile_banners/15394954/1436980975", "profile_link_color": "3B94D9", "profile_sidebar_border_color": "550000", "profile_sidebar_fill_color": "B2CEED", "profile_text_color": "333333", "profile_use_background_image": true, "has_extended_profile": false, "default_profile": false, "default_profile_image": false, "following": false, "follow_request_sent": false, "notifications": false, "translator_type": "none"}, "geo": null, "coordinates": null, "place": null, "contributors": null, "is_quote_status": false, "retweet_count": 2, "favorite_count": 4, "favorited": false, "retweeted": false, "possibly_sensitive": false, "lang": "en"}, "is_quote_status": false, "retweet_count": 2, "favorite_count": 0, "favorited": false, "retweeted": false, "lang": "en"}]