[{"created_at": "Sat Nov 03 20:15:02 +0000 2018", "id": 1058814832491798528, "id_str": "1058814832491798528", "text": "RT @BusyMatches: LET! THEM! REST! #CriticalRole #CriticalRoleArt https://t.co/bwMdCJL4MU", "truncated": false, "entities": {"hashtags": [{"text": "CriticalRole", "indices": [34, 47]}, {"text": "CriticalRoleArt", "indices": [48, 64]}], "symbols": [], "user_mentions": [{"screen_name": "BusyMatches", "name": "\ud83d\udd25Matches\ud83d\udd25", "id": 1621903110, "id_str": "1621903110", "indices": [3, 15]}], "urls": [], "media": [{"id": 1058409814970322949, "id_str": "1058409814970322949", "indices": [65, 88], "media_url": "http://pbs.twimg.com/media/DrA6HngX0AUzAtN.jpg", "media_url_https": "https://pbs.twimg.com/media/DrA6HngX0AUzAtN.jpg", "url": "https://t.co/bwMdCJL4MU", "display_url": "pic.twitter.com/bwMdCJL4MU", "expanded_url": "https://twitter.com/BusyMatches/status/1058410149990334464/photo/1", "type": "photo", "sizes": {"thumb": {"w": 150, "h": 150, "resize": "crop"}, "medium": {"w": 1200, "h": 921, "resize": "fit"}, "small": {"w": 680, "h": 522, "resize": "fit"}, "large": {"w": 2048, "h": 1572, "resize": "fit"}}, "source_status_id": 1058410149990334464, "source_status_id_str": "1058410149990334464", "source_user_id": 1621903110, "source_user_id_str": "1621903110"}]}, "extended_entities": {"media": [{"id": 1058409814970322949, "id_str": "1058409814970322949", "indices": [65, 88], "media_url": "http://pbs.twimg.com/media/DrA6HngX0AUzAtN.jpg", "media_url_https": "https://pbs.twimg.com/media/DrA6HngX0AUzAtN.jpg", "url": "https://t.co/bwMdCJL4MU", "display_url": "pic.twitter.com/bwMdCJL4MU", "expanded_url": "https://twitter.com/BusyMatches/status/1058410149990334464/photo/1", "type": "photo", "sizes": {"thumb": {"w": 150, "h": 150, "resize": "crop"}, "medium": {"w": 1200, "h": 921, "resize": "fit"}, "small": {"w": 680, "h": 522, "resize": "fit"}, "large": {"w": 2048, "h": 1572, "resize": "fit"}}, "source_status_id": 1058410149990334464, "source_status_id_str": "1058410149990334464", "source_user_id": 1621903110, "source_user_id_str": "1621903110"}]}, "source": "<a href=\"http://twitter.com\" rel=\"nofollow\">Twitter Web Client</a>", "user": {"id": 399061958, "id_str": "399061958", "name": "Jackson Schwarz", "screen_name": "jschwazzy11697", "location": "", "description": "he/him/his", "url": null, "entities": {"description": {"urls": []}}, "protected": false, "followers_count": 27, "friends_count": 199, "listed_count": 1, "created_at": "Wed Oct 26 23:00:17 +0000 2011", "favourites_count": 1870, "utc_offset": null, "time_zone": null, "geo_enabled": false, "verified": false, "statuses_count": 573, "lang": "en", "contributors_enabled": false, "is_translator": false, "is_translation_enabled": false, "profile_background_color": "C0DEED", "profile_background_image_url": "http://abs.twimg.com/images/themes/theme1/bg.png", "profile_background_image_url_https": "https://abs.twimg.com/images/themes/theme1/bg.png", "profile_background_tile": false, "profile_image_url": "http://pbs.twimg.com/profile_images/689790634257813505/w-BJBKrL_normal.jpg", "profile_image_url_https": "https://pbs.twimg.com/profile_images/689790634257813505/w-BJBKrL_normal.jpg", "profile_link_color": "1DA1F2", "profile_sidebar_border_color": "C0DEED", "profile_sidebar_fill_color": "DDEEF6", "profile_text_color": "333333", "profile_use_background_image": true, "has_extended_profile": true, "default_profile": true, "default_profile_image": false, "following": false, "follow_request_sent": false, "notifications": false, "translator_type": "none"}, "retweeted_status": {"created_at": "Fri Nov 02 17:26:58 +0000 2018", "id": 1058410149990334464, "id_str": "1058410149990334464", "text": "LET! THEM! REST! #CriticalRole #CriticalRoleArt https://t.co/bwMdCJL4MU", "truncated": false, "entities": {"hashtags": [{"text": "CriticalRole", "indices": [17, 30]}, {"text": "CriticalRoleArt", "indices": [31, 47]}], "symbols": [], "user_mentions": [], "urls": [], "media": [{"id": 1058409814970322949, "id_str": "1058409814970322949", "indices": [48, 71], "media_url": "http://pbs.twimg.com/media/DrA6HngX0AUzAtN.jpg", "media_url_https": "https://pbs.twimg.com/media/DrA6HngX0AUzAtN.jpg", "url": "https://t.co/bwMdCJL4MU", "display_url": "pic.twitter.com/bwMdCJL4MU", "expanded_url": "https://twitter.com/BusyMatches/status/1058410149990334464/photo/1", "type": "photo", "sizes": {"thumb": {"w": 150, "h": 150, "resize": "crop"}, "medium": {"w": 1200, "h": 921, "resize": "fit"}, "small": {"w": 680, "h": 522, "resize": "fit"}, "large": {"w": 2048, "h": 1572, "resize": "fit"}}}]}, "extended_entities": {"media": [{"id": 1058409814970322949, "id_str": "1058409814970322949", "indices": [48, 71], "media_url": "http://pbs.twimg.com/media/DrA6HngX0AUzAtN.jpg", "media_url_https": "https://pbs.twimg.com/media/DrA6HngX0AUzAtN.jpg", "url": "https://t.co/bwMdCJL4MU", "display_url": "pic.twitter.com/bwMdCJL4MU", "expanded_url": "https://twitter.com/BusyMatches/status/1058410149990334464/photo/1", "type": "photo", "sizes": {"thumb": {"w": 150, "h": 150, "resize": "crop"}, "medium": {"w": 1200, "h": 921, "resize": "fit"}, "small": {"w": 680, "h": 522, "resize": "fit"}, "large": {"w": 2048, "h": 1572, "resize": "fit"}}}]}, "source": "<a href=\"http://twitter.com\" rel=\"nofollow\">Twitter Web Client</a>", "in_reply_to_status_id": null, "in_reply_to_status_id_str": null, "in_reply_to_user_id": null, "in_reply_to_user_id_str": null, "in_reply_to_screen_name": null, "user": {"id": 1621903110, "id_str": "1621903110", "name": "\ud83d\udd25Matches\ud83d\udd25", "screen_name": "BusyMatches", "location": "", "description": "Hi! I'm Megan!   Im a artist/illustrator currently trying to improve my work everyday.  busymatches@gmail.com  #critter", "url": "https://t.co/2hjcReWHCv", "entities": {"url": {"urls": [{"url": "https://t.co/2hjcReWHCv", "expanded_url": "http://busy-matches.tumblr.com/", "display_url": "busy-matches.tumblr.com", "indices": [0, 23]}]}, "description": {"urls": []}}, "protected": false, "followers_count": 1325, "friends_count": 192, "listed_count": 14, "created_at": "Fri Jul 26 03:39:57 +0000 2013", "favourites_count": 5485, "utc_offset": null, "time_zone": null, "geo_enabled": false, "verified": false, "statuses_count": 2077, "lang": "en", "contributors_enabled": false, "is_translator": false, "is_translation_enabled": false, "profile_background_color": "C0DEED", "profile_background_image_url": "http://abs.twimg.com/images/themes/theme1/bg.png", "profile_background_image_url_https": "https://abs.twimg.com/images/themes/theme1/bg.png", "profile_background_tile": false, "profile_image_url": "http://pbs.twimg.com/profile_images/958103398510972933/M5OPBHeI_normal.jpg", "profile_image_url_https": "https://pbs.twimg.com/profile_images/958103398510972933/M5OPBHeI_normal.jpg", "profile_banner_url": "https://pbs.twimg.com/profile_banners/1621903110/1455977778", "profile_link_color": "AD2108", "profile_sidebar_border_color": "C0DEED", "profile_sidebar_fill_color": "DDEEF6", "profile_text_color": "333333", "profile_use_background_image": true, "has_extended_profile": true, "default_profile": false, "default_profile_image": false, "following": false, "follow_request_sent": false, "notifications": false, "translator_type": "none"}, "geo": null, "coordinates": null, "place": null, "contributors": null, "is_quote_status": false, "retweet_count": 838, "favorite_count": 3497, "favorited": true, "retweeted": true, "possibly_sensitive": false, "lang": "en"}, "is_quote_status": false, "retweet_count": 838, "favorite_count": 0, "favorited": true, "retweeted": true, "possibly_sensitive": false, "lang": "en"}, {"created_at": "Fri Nov 02 13:09:54 +0000 2018", "id": 1058345457544507397, "id_str": "1058345457544507397", "text": "RT @kendrawcandraw: Good morning! I've compiled a list of the only good reasons to not vote. These are the ONLY ones. From me on @thenib !\u2026", "truncated": false, "entities": {"hashtags": [], "symbols": [], "user_mentions": [{"screen_name": "kendrawcandraw", "name": "Kendra \u2694\ufe0f", "id": 1350410232, "id_str": "1350410232", "indices": [3, 18]}, {"screen_name": "thenib", "name": "The Nib", "id": 483521999, "id_str": "483521999", "indices": [129, 136]}], "urls": []}, "source": "<a href=\"http://twitter.com\" rel=\"nofollow\">Twitter Web Client</a>", "user": {"id": 399061958, "id_str": "399061958", "name": "Jackson Schwarz", "screen_name": "jschwazzy11697", "location": "", "description": "he/him/his", "url": null, "entities": {"description": {"urls": []}}, "protected": false, "followers_count": 27, "friends_count": 199, "listed_count": 1, "created_at": "Wed Oct 26 23:00:17 +0000 2011", "favourites_count": 1870, "utc_offset": null, "time_zone": null, "geo_enabled": false, "verified": false, "statuses_count": 573, "lang": "en", "contributors_enabled": false, "is_translator": false, "is_translation_enabled": false, "profile_background_color": "C0DEED", "profile_background_image_url": "http://abs.twimg.com/images/themes/theme1/bg.png", "profile_background_image_url_https": "https://abs.twimg.com/images/themes/theme1/bg.png", "profile_background_tile": false, "profile_image_url": "http://pbs.twimg.com/profile_images/689790634257813505/w-BJBKrL_normal.jpg", "profile_image_url_https": "https://pbs.twimg.com/profile_images/689790634257813505/w-BJBKrL_normal.jpg", "profile_link_color": "1DA1F2", "profile_sidebar_border_color": "C0DEED", "profile_sidebar_fill_color": "DDEEF6", "profile_text_color": "333333", "profile_use_background_image": true, "has_extended_profile": true, "default_profile": true, "default_profile_image": false, "following": false, "follow_request_sent": false, "notifications": false, "translator_type": "none"}, "retweeted_status": {"created_at": "Fri Nov 02 12:05:09 +0000 2018", "id": 1058329159242530818, "id_str": "1058329159242530818", "text": "Good morning! I've compiled a list of the only good reasons to not vote. These are the ONLY ones. From me on\u2026 https://t.co/mG3yMR3yGA", "truncated": true, "entities": {"hashtags": [], "symbols": [], "user_mentions": [], "urls": [{"url": "https://t.co/mG3yMR3yGA", "expanded_url": "https://twitter.com/i/web/status/1058329159242530818", "display_url": "twitter.com/i/web/status/1\u2026", "indices": [110, 133]}]}, "source": "<a href=\"http://twitter.com/download/iphone\" rel=\"nofollow\">Twitter for iPhone</a>", "in_reply_to_status_id": null, "in_reply_to_status_id_str": null, "in_reply_to_user_id": null, "in_reply_to_user_id_str": null, "in_reply_to_screen_name": null, "user": {"id": 1350410232, "id_str": "1350410232", "name": "Kendra \u2694\ufe0f", "screen_name": "kendrawcandraw", "location": "NY", "description": "Comic artist, illustrator. Owns a sword. As seen on The New Yorker, The Nib, The Lily. They/them. Repped by @msmariavicente. Header art by @AnnaZee_S", "url": "https://t.co/P3vLxgpiEm", "entities": {"url": {"urls": [{"url": "https://t.co/P3vLxgpiEm", "expanded_url": "http://kendrawcandraw.com", "display_url": "kendrawcandraw.com", "indices": [0, 23]}]}, "description": {"urls": []}}, "protected": false, "followers_count": 15832, "friends_count": 593, "listed_count": 285, "created_at": "Sat Apr 13 22:52:51 +0000 2013", "favourites_count": 64347, "utc_offset": null, "time_zone": null, "geo_enabled": false, "verified": false, "statuses_count": 73973, "lang": "en", "contributors_enabled": false, "is_translator": false, "is_translation_enabled": false, "profile_background_color": "CDFAF1", "profile_background_image_url": "http://abs.twimg.com/images/themes/theme1/bg.png", "profile_background_image_url_https": "https://abs.twimg.com/images/themes/theme1/bg.png", "profile_background_tile": true, "profile_image_url": "http://pbs.twimg.com/profile_images/1058524919032496128/6IUlujAF_normal.jpg", "profile_image_url_https": "https://pbs.twimg.com/profile_images/1058524919032496128/6IUlujAF_normal.jpg", "profile_banner_url": "https://pbs.twimg.com/profile_banners/1350410232/1525367618", "profile_link_color": "7FDBB6", "profile_sidebar_border_color": "FFFFFF", "profile_sidebar_fill_color": "DDEEF6", "profile_text_color": "333333", "profile_use_background_image": true, "has_extended_profile": true, "default_profile": false, "default_profile_image": false, "following": false, "follow_request_sent": false, "notifications": false, "translator_type": "none"}, "geo": null, "coordinates": null, "place": null, "contributors": null, "is_quote_status": false, "retweet_count": 37, "favorite_count": 119, "favorited": false, "retweeted": true, "possibly_sensitive": false, "lang": "en"}, "is_quote_status": false, "retweet_count": 37, "favorite_count": 0, "favorited": false, "retweeted": true, "lang": "en"}, {"created_at": "Thu Nov 01 12:01:01 +0000 2018", "id": 1057965735161589760, "id_str": "1057965735161589760", "text": "RT @cherrizard: ITS TIME https://t.co/NnaBdc6stG", "truncated": false, "entities": {"hashtags": [], "symbols": [], "user_mentions": [{"screen_name": "cherrizard", "name": "\ud83c\udf84 ANNE \u201cDISRESPECTS THANKSGIVING\u201d MARIE \ud83c\udf84", "id": 33369144, "id_str": "33369144", "indices": [3, 14]}], "urls": [], "media": [{"id": 1057893333735899136, "id_str": "1057893333735899136", "indices": [25, 48], "media_url": "http://pbs.twimg.com/media/Dq5kYc-VAAAhfPB.jpg", "media_url_https": "https://pbs.twimg.com/media/Dq5kYc-VAAAhfPB.jpg", "url": "https://t.co/NnaBdc6stG", "display_url": "pic.twitter.com/NnaBdc6stG", "expanded_url": "https://twitter.com/cherrizard/status/1057893338580365312/photo/1", "type": "photo", "sizes": {"medium": {"w": 964, "h": 1152, "resize": "fit"}, "small": {"w": 569, "h": 680, "resize": "fit"}, "thumb": {"w": 150, "h": 150, "resize": "crop"}, "large": {"w": 964, "h": 1152, "resize": "fit"}}, "source_status_id": 1057893338580365312, "source_status_id_str": "1057893338580365312", "source_user_id": 33369144, "source_user_id_str": "33369144"}]}, "extended_entities": {"media": [{"id": 1057893333735899136, "id_str": "1057893333735899136", "indices": [25, 48], "media_url": "http://pbs.twimg.com/media/Dq5kYc-VAAAhfPB.jpg", "media_url_https": "https://pbs.twimg.com/media/Dq5kYc-VAAAhfPB.jpg", "url": "https://t.co/NnaBdc6stG", "display_url": "pic.twitter.com/NnaBdc6stG", "expanded_url": "https://twitter.com/cherrizard/status/1057893338580365312/photo/1", "type": "photo", "sizes": {"medium": {"w": 964, "h": 1152, "resize": "fit"}, "small": {"w": 569, "h": 680, "resize": "fit"}, "thumb": {"w": 150, "h": 150, "resize": "crop"}, "large": {"w": 964, "h": 1152, "resize": "fit"}}, "source_status_id": 1057893338580365312, "source_status_id_str": "1057893338580365312", "source_user_id": 33369144, "source_user_id_str": "33369144"}]}, "source": "<a href=\"http://twitter.com\" rel=\"nofollow\">Twitter Web Client</a>", "user": {"id": 399061958, "id_str": "399061958", "name": "Jackson Schwarz", "screen_name": "jschwazzy11697", "location": "", "description": "he/him/his", "url": null, "entities": {"description": {"urls": []}}, "protected": false, "followers_count": 27, "friends_count": 199, "listed_count": 1, "created_at": "Wed Oct 26 23:00:17 +0000 2011", "favourites_count": 1870, "utc_offset": null, "time_zone": null, "geo_enabled": false, "verified": false, "statuses_count": 573, "lang": "en", "contributors_enabled": false, "is_translator": false, "is_translation_enabled": false, "profile_background_color": "C0DEED", "profile_background_image_url": "http://abs.twimg.com/images/themes/theme1/bg.png", "profile_background_image_url_https": "https://abs.twimg.com/images/themes/theme1/bg.png", "profile_background_tile": false, "profile_image_url": "http://pbs.twimg.com/profile_images/689790634257813505/w-BJBKrL_normal.jpg", "profile_image_url_https": "https://pbs.twimg.com/profile_images/689790634257813505/w-BJBKrL_normal.jpg", "profile_link_color": "1DA1F2", "profile_sidebar_border_color": "C0DEED", "profile_sidebar_fill_color": "DDEEF6", "profile_text_color": "333333", "profile_use_background_image": true, "has_extended_profile": true, "default_profile": true, "default_profile_image": false, "following": false, "follow_request_sent": false, "notifications": false, "translator_type": "none"}, "retweeted_status": {"created_at": "Thu Nov 01 07:13:21 +0000 2018", "id": 1057893338580365312, "id_str": "1057893338580365312", "text": "ITS TIME https://t.co/NnaBdc6stG", "truncated": false, "entities": {"hashtags": [], "symbols": [], "user_mentions": [], "urls": [], "media": [{"id": 1057893333735899136, "id_str": "1057893333735899136", "indices": [9, 32], "media_url": "http://pbs.twimg.com/media/Dq5kYc-VAAAhfPB.jpg", "media_url_https": "https://pbs.twimg.com/media/Dq5kYc-VAAAhfPB.jpg", "url": "https://t.co/NnaBdc6stG", "display_url": "pic.twitter.com/NnaBdc6stG", "expanded_url": "https://twitter.com/cherrizard/status/1057893338580365312/photo/1", "type": "photo", "sizes": {"medium": {"w": 964, "h": 1152, "resize": "fit"}, "small": {"w": 569, "h": 680, "resize": "fit"}, "thumb": {"w": 150, "h": 150, "resize": "crop"}, "large": {"w": 964, "h": 1152, "resize": "fit"}}}]}, "extended_entities": {"media": [{"id": 1057893333735899136, "id_str": "1057893333735899136", "indices": [9, 32], "media_url": "http://pbs.twimg.com/media/Dq5kYc-VAAAhfPB.jpg", "media_url_https": "https://pbs.twimg.com/media/Dq5kYc-VAAAhfPB.jpg", "url": "https://t.co/NnaBdc6stG", "display_url": "pic.twitter.com/NnaBdc6stG", "expanded_url": "https://twitter.com/cherrizard/status/1057893338580365312/photo/1", "type": "photo", "sizes": {"medium": {"w": 964, "h": 1152, "resize": "fit"}, "small": {"w": 569, "h": 680, "resize": "fit"}, "thumb": {"w": 150, "h": 150, "resize": "crop"}, "large": {"w": 964, "h": 1152, "resize": "fit"}}}]}, "source": "<a href=\"http://twitter.com/#!/download/ipad\" rel=\"nofollow\">Twitter for iPad</a>", "in_reply_to_status_id": null, "in_reply_to_status_id_str": null, "in_reply_to_user_id": null, "in_reply_to_user_id_str": null, "in_reply_to_screen_name": null, "user": {"id": 33369144, "id_str": "33369144", "name": "\ud83c\udf84 ANNE \u201cDISRESPECTS THANKSGIVING\u201d MARIE \ud83c\udf84", "screen_name": "cherrizard", "location": "Los Angeles, CA", "description": "occasional illustrator, full time tea enthusiast \ud83c\udf1f https://t.co/ixcm6vWV6d \ud83c\udf1f https://t.co/5VJx841pVm \ud83c\udf1f Commissions are currently closed!", "url": "https://t.co/8Lfos9Fhpt", "entities": {"url": {"urls": [{"url": "https://t.co/8Lfos9Fhpt", "expanded_url": "http://www.annemariesalter.com", "display_url": "annemariesalter.com", "indices": [0, 23]}]}, "description": {"urls": [{"url": "https://t.co/ixcm6vWV6d", "expanded_url": "http://Instagram.com/cherrizard", "display_url": "Instagram.com/cherrizard", "indices": [51, 74]}, {"url": "https://t.co/5VJx841pVm", "expanded_url": "http://ko-fi.com/cherrizard", "display_url": "ko-fi.com/cherrizard", "indices": [77, 100]}]}}, "protected": false, "followers_count": 15843, "friends_count": 172, "listed_count": 42, "created_at": "Mon Apr 20 01:31:48 +0000 2009", "favourites_count": 18966, "utc_offset": null, "time_zone": null, "geo_enabled": true, "verified": false, "statuses_count": 13426, "lang": "en", "contributors_enabled": false, "is_translator": false, "is_translation_enabled": false, "profile_background_color": "C0DEED", "profile_background_image_url": "http://abs.twimg.com/images/themes/theme1/bg.png", "profile_background_image_url_https": "https://abs.twimg.com/images/themes/theme1/bg.png", "profile_background_tile": true, "profile_image_url": "http://pbs.twimg.com/profile_images/1057893544113823746/MxkeWymS_normal.jpg", "profile_image_url_https": "https://pbs.twimg.com/profile_images/1057893544113823746/MxkeWymS_normal.jpg", "profile_banner_url": "https://pbs.twimg.com/profile_banners/33369144/1486263872", "profile_link_color": "F58EA8", "profile_sidebar_border_color": "000000", "profile_sidebar_fill_color": "DDEEF6", "profile_text_color": "333333", "profile_use_background_image": true, "has_extended_profile": false, "default_profile": false, "default_profile_image": false, "following": false, "follow_request_sent": false, "notifications": false, "translator_type": "none"}, "geo": null, "coordinates": null, "place": null, "contributors": null, "is_quote_status": false, "retweet_count": 2309, "favorite_count": 5438, "favorited": true, "retweeted": true, "possibly_sensitive": false, "lang": "en"}, "is_quote_status": false, "retweet_count": 2309, "favorite_count": 0, "favorited": true, "retweeted": true, "possibly_sensitive": false, "lang": "en"}, {"created_at": "Wed Oct 31 21:38:45 +0000 2018", "id": 1057748734736523265, "id_str": "1057748734736523265", "text": "RT @katiedippold: Tbt to Halloween when I dressed as the babadook but my friend's house had more of a grown ups drinking wine vibe https://\u2026", "truncated": false, "entities": {"hashtags": [], "symbols": [], "user_mentions": [{"screen_name": "katiedippold", "name": "Katie Dippold", "id": 79961137, "id_str": "79961137", "indices": [3, 16]}], "urls": []}, "source": "<a href=\"http://twitter.com\" rel=\"nofollow\">Twitter Web Client</a>", "user": {"id": 399061958, "id_str": "399061958", "name": "Jackson Schwarz", "screen_name": "jschwazzy11697", "location": "", "description": "he/him/his", "url": null, "entities": {"description": {"urls": []}}, "protected": false, "followers_count": 27, "friends_count": 199, "listed_count": 1, "created_at": "Wed Oct 26 23:00:17 +0000 2011", "favourites_count": 1870, "utc_offset": null, "time_zone": null, "geo_enabled": false, "verified": false, "statuses_count": 573, "lang": "en", "contributors_enabled": false, "is_translator": false, "is_translation_enabled": false, "profile_background_color": "C0DEED", "profile_background_image_url": "http://abs.twimg.com/images/themes/theme1/bg.png", "profile_background_image_url_https": "https://abs.twimg.com/images/themes/theme1/bg.png", "profile_background_tile": false, "profile_image_url": "http://pbs.twimg.com/profile_images/689790634257813505/w-BJBKrL_normal.jpg", "profile_image_url_https": "https://pbs.twimg.com/profile_images/689790634257813505/w-BJBKrL_normal.jpg", "profile_link_color": "1DA1F2", "profile_sidebar_border_color": "C0DEED", "profile_sidebar_fill_color": "DDEEF6", "profile_text_color": "333333", "profile_use_background_image": true, "has_extended_profile": true, "default_profile": true, "default_profile_image": false, "following": false, "follow_request_sent": false, "notifications": false, "translator_type": "none"}, "retweeted_status": {"created_at": "Thu Jun 30 18:22:41 +0000 2016", "id": 748582543583121408, "id_str": "748582543583121408", "text": "Tbt to Halloween when I dressed as the babadook but my friend's house had more of a grown ups drinking wine vibe https://t.co/PoGKUFeLLw", "truncated": false, "entities": {"hashtags": [], "symbols": [], "user_mentions": [], "urls": [], "media": [{"id": 748582521063903232, "id_str": "748582521063903232", "indices": [113, 136], "media_url": "http://pbs.twimg.com/media/CmN_1jUUkAAfWXq.jpg", "media_url_https": "https://pbs.twimg.com/media/CmN_1jUUkAAfWXq.jpg", "url": "https://t.co/PoGKUFeLLw", "display_url": "pic.twitter.com/PoGKUFeLLw", "expanded_url": "https://twitter.com/katiedippold/status/748582543583121408/photo/1", "type": "photo", "sizes": {"medium": {"w": 900, "h": 1200, "resize": "fit"}, "thumb": {"w": 150, "h": 150, "resize": "crop"}, "small": {"w": 510, "h": 680, "resize": "fit"}, "large": {"w": 1536, "h": 2048, "resize": "fit"}}}]}, "extended_entities": {"media": [{"id": 748582521063903232, "id_str": "748582521063903232", "indices": [113, 136], "media_url": "http://pbs.twimg.com/media/CmN_1jUUkAAfWXq.jpg", "media_url_https": "https://pbs.twimg.com/media/CmN_1jUUkAAfWXq.jpg", "url": "https://t.co/PoGKUFeLLw", "display_url": "pic.twitter.com/PoGKUFeLLw", "expanded_url": "https://twitter.com/katiedippold/status/748582543583121408/photo/1", "type": "photo", "sizes": {"medium": {"w": 900, "h": 1200, "resize": "fit"}, "thumb": {"w": 150, "h": 150, "resize": "crop"}, "small": {"w": 510, "h": 680, "resize": "fit"}, "large": {"w": 1536, "h": 2048, "resize": "fit"}}}]}, "source": "<a href=\"http://twitter.com/download/iphone\" rel=\"nofollow\">Twitter for iPhone</a>", "in_reply_to_status_id": null, "in_reply_to_status_id_str": null, "in_reply_to_user_id": null, "in_reply_to_user_id_str": null, "in_reply_to_screen_name": null, "user": {"id": 79961137, "id_str": "79961137", "name": "Katie Dippold", "screen_name": "katiedippold", "location": "Los Angeles", "description": "Writer (The Heat, Ghostbusters: ATC, Parks and Recreation). Enjoys salt and haunted houses.", "url": "https://t.co/RenWuPDPg6", "entities": {"url": {"urls": [{"url": "https://t.co/RenWuPDPg6", "expanded_url": "https://www.instagram.com/katiedippold/", "display_url": "instagram.com/katiedippold/", "indices": [0, 23]}]}, "description": {"urls": []}}, "protected": false, "followers_count": 34939, "friends_count": 945, "listed_count": 637, "created_at": "Mon Oct 05 08:05:25 +0000 2009", "favourites_count": 6327, "utc_offset": null, "time_zone": null, "geo_enabled": false, "verified": true, "statuses_count": 273, "lang": "en", "contributors_enabled": false, "is_translator": false, "is_translation_enabled": false, "profile_background_color": "C0DEED", "profile_background_image_url": "http://abs.twimg.com/images/themes/theme1/bg.png", "profile_background_image_url_https": "https://abs.twimg.com/images/themes/theme1/bg.png", "profile_background_tile": false, "profile_image_url": "http://pbs.twimg.com/profile_images/378800000657528762/e0f214343194b80c59c005e95069f706_normal.jpeg", "profile_image_url_https": "https://pbs.twimg.com/profile_images/378800000657528762/e0f214343194b80c59c005e95069f706_normal.jpeg", "profile_link_color": "1DA1F2", "profile_sidebar_border_color": "C0DEED", "profile_sidebar_fill_color": "DDEEF6", "profile_text_color": "333333", "profile_use_background_image": true, "has_extended_profile": false, "default_profile": true, "default_profile_image": false, "following": false, "follow_request_sent": false, "notifications": false, "translator_type": "none"}, "geo": null, "coordinates": null, "place": null, "contributors": null, "is_quote_status": false, "retweet_count": 97707, "favorite_count": 202809, "favorited": true, "retweeted": true, "possibly_sensitive": false, "lang": "en"}, "is_quote_status": false, "retweet_count": 97707, "favorite_count": 0, "favorited": true, "retweeted": true, "lang": "en"}]