[{"created_at": "Wed Nov 14 20:10:33 +0000 2018", "id": 1062799971702005760, "id_str": "1062799971702005760", "text": "RT @jimmyfallon: Tonight: Michael Shannon is here, @ashleygraham stops by, and a performance from @TheStruts &amp; @KeshaRose!! #FallonTonight", "truncated": false, "entities": {"hashtags": [{"text": "FallonTonight", "indices": [128, 142]}], "symbols": [], "user_mentions": [{"screen_name": "jimmyfallon", "name": "jimmy fallon", "id": 15485441, "id_str": "15485441", "indices": [3, 15]}, {"screen_name": "ashleygraham", "name": "Ashley Graham", "id": 138166008, "id_str": "138166008", "indices": [51, 64]}, {"screen_name": "TheStruts", "name": "The Struts", "id": 143474328, "id_str": "143474328", "indices": [98, 108]}, {"screen_name": "KeshaRose", "name": "kesha", "id": 26090319, "id_str": "26090319", "indices": [115, 125]}], "urls": []}, "source": "<a href=\"http://twitter.com/download/android\" rel=\"nofollow\">Twitter for Android</a>", "user": {"id": 1062794445370912773, "id_str": "1062794445370912773", "name": "Lisa Lovely", "screen_name": "LisaLov80831185", "location": "Texas, USA", "description": "single", "url": null, "entities": {"description": {"urls": []}}, "protected": false, "followers_count": 4, "friends_count": 89, "listed_count": 0, "created_at": "Wed Nov 14 19:48:36 +0000 2018", "favourites_count": 42, "utc_offset": null, "time_zone": null, "geo_enabled": false, "verified": false, "statuses_count": 42, "lang": "en", "contributors_enabled": false, "is_translator": false, "is_translation_enabled": false, "profile_background_color": "F5F8FA", "profile_background_image_url": null, "profile_background_image_url_https": null, "profile_background_tile": false, "profile_image_url": "http://pbs.twimg.com/profile_images/1062798701243052032/vfj0bck0_normal.jpg", "profile_image_url_https": "https://pbs.twimg.com/profile_images/1062798701243052032/vfj0bck0_normal.jpg", "profile_banner_url": "https://pbs.twimg.com/profile_banners/1062794445370912773/1542225929", "profile_link_color": "1DA1F2", "profile_sidebar_border_color": "C0DEED", "profile_sidebar_fill_color": "DDEEF6", "profile_text_color": "333333", "profile_use_background_image": true, "has_extended_profile": true, "default_profile": true, "default_profile_image": false, "following": false, "follow_request_sent": false, "notifications": false, "translator_type": "none"}, "retweeted_status": {"created_at": "Wed Nov 14 15:57:49 +0000 2018", "id": 1062736369481646085, "id_str": "1062736369481646085", "text": "Tonight: Michael Shannon is here, @ashleygraham stops by, and a performance from @TheStruts &amp; @KeshaRose!! #FallonTonight", "truncated": false, "entities": {"hashtags": [{"text": "FallonTonight", "indices": [111, 125]}], "symbols": [], "user_mentions": [{"screen_name": "ashleygraham", "name": "Ashley Graham", "id": 138166008, "id_str": "138166008", "indices": [34, 47]}, {"screen_name": "TheStruts", "name": "The Struts", "id": 143474328, "id_str": "143474328", "indices": [81, 91]}, {"screen_name": "KeshaRose", "name": "kesha", "id": 26090319, "id_str": "26090319", "indices": [98, 108]}], "urls": []}, "source": "<a href=\"http://twitter.com\" rel=\"nofollow\">Twitter Web Client</a>", "in_reply_to_status_id": null, "in_reply_to_status_id_str": null, "in_reply_to_user_id": null, "in_reply_to_user_id_str": null, "in_reply_to_screen_name": null, "user": {"id": 15485441, "id_str": "15485441", "name": "jimmy fallon", "screen_name": "jimmyfallon", "location": "New York, New York", "description": "astrophysicist", "url": "https://t.co/UapgxfuvyK", "entities": {"url": {"urls": [{"url": "https://t.co/UapgxfuvyK", "expanded_url": "http://www.tonightshow.com", "display_url": "tonightshow.com", "indices": [0, 23]}]}, "description": {"urls": []}}, "protected": false, "followers_count": 50579175, "friends_count": 8356, "listed_count": 67918, "created_at": "Fri Jul 18 19:46:50 +0000 2008", "favourites_count": 416, "utc_offset": null, "time_zone": null, "geo_enabled": true, "verified": true, "statuses_count": 11375, "lang": "en", "contributors_enabled": false, "is_translator": false, "is_translation_enabled": true, "profile_background_color": "131516", "profile_background_image_url": "http://abs.twimg.com/images/themes/theme14/bg.gif", "profile_background_image_url_https": "https://abs.twimg.com/images/themes/theme14/bg.gif", "profile_background_tile": false, "profile_image_url": "http://pbs.twimg.com/profile_images/890035968656396288/nQU6aYAs_normal.jpg", "profile_image_url_https": "https://pbs.twimg.com/profile_images/890035968656396288/nQU6aYAs_normal.jpg", "profile_banner_url": "https://pbs.twimg.com/profile_banners/15485441/1501035926", "profile_link_color": "009999", "profile_sidebar_border_color": "FFFFFF", "profile_sidebar_fill_color": "EFEFEF", "profile_text_color": "333333", "profile_use_background_image": true, "has_extended_profile": false, "default_profile": false, "default_profile_image": false, "following": false, "follow_request_sent": false, "notifications": false, "translator_type": "regular"}, "geo": null, "coordinates": null, "place": null, "contributors": null, "is_quote_status": false, "retweet_count": 72, "favorite_count": 640, "favorited": false, "retweeted": false, "lang": "en"}, "is_quote_status": false, "retweet_count": 72, "favorite_count": 0, "favorited": false, "retweeted": false, "lang": "en"}]