{"id": 788202074, "id_str": "788202074", "name": "Betsy", "screen_name": "BetsyGBJ9328", "location": "Pennsylvania", "profile_location": null, "description": "Christian, Conservative \ud83c\uddfa\ud83c\uddf8,Wife of Small Business Owner, Proud Parent of 3 \ud83c\udfd2Young Men, Dog Lover, Pittsburgh Penguins & Steelers MegaFan, MAGA\ud83c\uddfa\ud83c\uddf8", "url": null, "entities": {"description": {"urls": []}}, "protected": false, "followers_count": 980, "friends_count": 1859, "listed_count": 16, "created_at": "Wed Aug 29 00:51:24 +0000 2012", "favourites_count": 19138, "utc_offset": null, "time_zone": null, "geo_enabled": false, "verified": false, "statuses_count": 8195, "lang": "en", "status": {"created_at": "Thu Nov 15 20:38:49 +0000 2018", "id": 1063169471722987521, "id_str": "1063169471722987521", "text": "@bryanbrown998j @floridaguy267 @gator4kb18 And Montana!", "truncated": false, "entities": {"hashtags": [], "symbols": [], "user_mentions": [{"screen_name": "bryanbrown998j", "name": "Browneye", "id": 2939540741, "id_str": "2939540741", "indices": [0, 15]}, {"screen_name": "floridaguy267", "name": "Florida Guy", "id": 4388598255, "id_str": "4388598255", "indices": [16, 30]}, {"screen_name": "gator4kb18", "name": "\ud83d\udc0a\ud83c\uddfa\ud83c\uddf8Bobby Hinson\ud83c\uddfa\ud83c\uddf8\ud83d\udc0a", "id": 302948698, "id_str": "302948698", "indices": [31, 42]}], "urls": []}, "source": "<a href=\"http://twitter.com/download/iphone\" rel=\"nofollow\">Twitter for iPhone</a>", "in_reply_to_status_id": 1063038737595150342, "in_reply_to_status_id_str": "1063038737595150342", "in_reply_to_user_id": 2939540741, "in_reply_to_user_id_str": "2939540741", "in_reply_to_screen_name": "bryanbrown998j", "geo": null, "coordinates": null, "place": null, "contributors": null, "is_quote_status": false, "retweet_count": 0, "favorite_count": 0, "favorited": false, "retweeted": false, "lang": "en"}, "contributors_enabled": false, "is_translator": false, "is_translation_enabled": false, "profile_background_color": "C0DEED", "profile_background_image_url": "http://abs.twimg.com/images/themes/theme1/bg.png", "profile_background_image_url_https": "https://abs.twimg.com/images/themes/theme1/bg.png", "profile_background_tile": false, "profile_image_url": "http://pbs.twimg.com/profile_images/879799204419297280/cqO_cRHt_normal.jpg", "profile_image_url_https": "https://pbs.twimg.com/profile_images/879799204419297280/cqO_cRHt_normal.jpg", "profile_banner_url": "https://pbs.twimg.com/profile_banners/788202074/1471926690", "profile_link_color": "1DA1F2", "profile_sidebar_border_color": "C0DEED", "profile_sidebar_fill_color": "DDEEF6", "profile_text_color": "333333", "profile_use_background_image": true, "has_extended_profile": false, "default_profile": true, "default_profile_image": false, "following": false, "follow_request_sent": false, "notifications": false, "translator_type": "none"}