{"id": 1004376780222947328, "id_str": "1004376780222947328", "name": "Bonzo", "screen_name": "Bonzo30507613", "location": "", "profile_location": null, "description": "", "url": null, "entities": {"description": {"urls": []}}, "protected": false, "followers_count": 36, "friends_count": 214, "listed_count": 0, "created_at": "Wed Jun 06 14:57:39 +0000 2018", "favourites_count": 1147, "utc_offset": null, "time_zone": null, "geo_enabled": false, "verified": false, "statuses_count": 1248, "lang": "en", "status": {"created_at": "Thu Nov 15 00:30:30 +0000 2018", "id": 1062865390156636162, "id_str": "1062865390156636162", "text": "RT @Love_The_Donald: \ud83d\udea8BREAKING: MIA LOVE SUES SALT LAKE COUNTY CLERK in connection with BALLOT PROCESSING\n\n\ud83d\udca5GOOD JOB, MIA!  It\u2019s about time\u2026", "truncated": false, "entities": {"hashtags": [], "symbols": [], "user_mentions": [{"screen_name": "Love_The_Donald", "name": "\ud83d\udc95\ud83c\udf39Women for Trump!\ud83c\udf39\ud83d\udc95", "id": 574822364, "id_str": "574822364", "indices": [3, 19]}], "urls": []}, "source": "<a href=\"http://twitter.com/download/iphone\" rel=\"nofollow\">Twitter for iPhone</a>", "in_reply_to_status_id": null, "in_reply_to_status_id_str": null, "in_reply_to_user_id": null, "in_reply_to_user_id_str": null, "in_reply_to_screen_name": null, "geo": null, "coordinates": null, "place": null, "contributors": null, "retweeted_status": {"created_at": "Wed Nov 14 20:03:50 +0000 2018", "id": 1062798278670995456, "id_str": "1062798278670995456", "text": "\ud83d\udea8BREAKING: MIA LOVE SUES SALT LAKE COUNTY CLERK in connection with BALLOT PROCESSING\n\n\ud83d\udca5GOOD JOB, MIA!  It\u2019s about t\u2026 https://t.co/EkfYB31Tya", "truncated": true, "entities": {"hashtags": [], "symbols": [], "user_mentions": [], "urls": [{"url": "https://t.co/EkfYB31Tya", "expanded_url": "https://twitter.com/i/web/status/1062798278670995456", "display_url": "twitter.com/i/web/status/1\u2026", "indices": [117, 140]}]}, "source": "<a href=\"http://twitter.com/download/iphone\" rel=\"nofollow\">Twitter for iPhone</a>", "in_reply_to_status_id": null, "in_reply_to_status_id_str": null, "in_reply_to_user_id": null, "in_reply_to_user_id_str": null, "in_reply_to_screen_name": null, "geo": null, "coordinates": null, "place": null, "contributors": null, "is_quote_status": false, "retweet_count": 1307, "favorite_count": 1551, "favorited": false, "retweeted": false, "possibly_sensitive": false, "lang": "en"}, "is_quote_status": false, "retweet_count": 1307, "favorite_count": 0, "favorited": false, "retweeted": false, "lang": "en"}, "contributors_enabled": false, "is_translator": false, "is_translation_enabled": false, "profile_background_color": "F5F8FA", "profile_background_image_url": null, "profile_background_image_url_https": null, "profile_background_tile": false, "profile_image_url": "http://abs.twimg.com/sticky/default_profile_images/default_profile_normal.png", "profile_image_url_https": "https://abs.twimg.com/sticky/default_profile_images/default_profile_normal.png", "profile_link_color": "1DA1F2", "profile_sidebar_border_color": "C0DEED", "profile_sidebar_fill_color": "DDEEF6", "profile_text_color": "333333", "profile_use_background_image": true, "has_extended_profile": false, "default_profile": true, "default_profile_image": true, "following": false, "follow_request_sent": false, "notifications": false, "translator_type": "none"}