{"id": 992566131419381760, "id_str": "992566131419381760", "name": "Ellen.   \u2b50\u2b50\u2b50", "screen_name": "ChrisOBXnc", "location": "North Carolina,OBX", "profile_location": null, "description": "Because of His love,   \u271d\ufe0f\nHe suffered, died, & rose again\n#TWGRP  #CCOT\nhttps://t.co/wDZeL7BvIo\n FIGHT, FIGHT, FIGHT FOR FREEDOM\ud83c\uddfa\ud83c\uddf8\ud83c\uddfa\ud83c\uddf8\ud83c\uddfa\ud83c\uddf8\nWWG1WGA \nMarried to @BillOBXnc", "url": null, "entities": {"description": {"urls": [{"url": "https://t.co/wDZeL7BvIo", "expanded_url": "http://qmap.pub", "display_url": "qmap.pub", "indices": [72, 95]}]}}, "protected": false, "followers_count": 6638, "friends_count": 7148, "listed_count": 4, "created_at": "Sat May 05 00:46:21 +0000 2018", "favourites_count": 15905, "utc_offset": null, "time_zone": null, "geo_enabled": true, "verified": false, "statuses_count": 44729, "lang": "en", "status": {"created_at": "Thu Nov 15 20:26:15 +0000 2018", "id": 1063166310815842304, "id_str": "1063166310815842304", "text": "RT @Hasexce44: I left the GOP awhile back; I really wish President Trump could  create his own party after he leaves office and build up a\u2026", "truncated": false, "entities": {"hashtags": [], "symbols": [], "user_mentions": [{"screen_name": "Hasexce44", "name": "David E. Lentz", "id": 950047842, "id_str": "950047842", "indices": [3, 13]}], "urls": []}, "source": "<a href=\"http://twitter.com/download/android\" rel=\"nofollow\">Twitter for Android</a>", "in_reply_to_status_id": null, "in_reply_to_status_id_str": null, "in_reply_to_user_id": null, "in_reply_to_user_id_str": null, "in_reply_to_screen_name": null, "geo": null, "coordinates": null, "place": null, "contributors": null, "retweeted_status": {"created_at": "Thu Nov 15 19:34:22 +0000 2018", "id": 1063153251338600449, "id_str": "1063153251338600449", "text": "I left the GOP awhile back; I really wish President Trump could  create his own party after he leaves office and bu\u2026 https://t.co/QCYwEsVxwH", "truncated": true, "entities": {"hashtags": [], "symbols": [], "user_mentions": [], "urls": [{"url": "https://t.co/QCYwEsVxwH", "expanded_url": "https://twitter.com/i/web/status/1063153251338600449", "display_url": "twitter.com/i/web/status/1\u2026", "indices": [117, 140]}]}, "source": "<a href=\"http://twitter.com/download/android\" rel=\"nofollow\">Twitter for Android</a>", "in_reply_to_status_id": null, "in_reply_to_status_id_str": null, "in_reply_to_user_id": null, "in_reply_to_user_id_str": null, "in_reply_to_screen_name": null, "geo": null, "coordinates": null, "place": null, "contributors": null, "is_quote_status": false, "retweet_count": 4, "favorite_count": 2, "favorited": false, "retweeted": false, "possibly_sensitive": false, "lang": "en"}, "is_quote_status": false, "retweet_count": 4, "favorite_count": 0, "favorited": false, "retweeted": false, "lang": "en"}, "contributors_enabled": false, "is_translator": false, "is_translation_enabled": false, "profile_background_color": "F5F8FA", "profile_background_image_url": null, "profile_background_image_url_https": null, "profile_background_tile": false, "profile_image_url": "http://pbs.twimg.com/profile_images/1035351100264734721/GbsD36RH_normal.jpg", "profile_image_url_https": "https://pbs.twimg.com/profile_images/1035351100264734721/GbsD36RH_normal.jpg", "profile_banner_url": "https://pbs.twimg.com/profile_banners/992566131419381760/1532361335", "profile_link_color": "1DA1F2", "profile_sidebar_border_color": "C0DEED", "profile_sidebar_fill_color": "DDEEF6", "profile_text_color": "333333", "profile_use_background_image": true, "has_extended_profile": false, "default_profile": true, "default_profile_image": false, "following": false, "follow_request_sent": false, "notifications": false, "translator_type": "none"}