{"id": 514485691, "id_str": "514485691", "name": "\ud83c\uddfa\ud83c\uddf8\ud83c\uddfa\ud83c\uddf8 Eck \ud83c\uddfa\ud83c\uddf8\ud83c\uddfa\ud83c\uddf8", "screen_name": "ECK888888", "location": "Oklahoma City, OK", "profile_location": null, "description": "#Jesus #Deplorables #DrainTheSwamp #Trumptrain #1A #2A #NRA #MAGA #KAG #Trump2020 #Trumpville #StandWithTheNRA #Shadowbanned #Qanon #\u039c\u039f\u039b\u03a9\u039d_\u039b\u0391\u0392\u0395 \ud83c\uddfa\ud83c\uddf8", "url": null, "entities": {"description": {"urls": []}}, "protected": false, "followers_count": 28020, "friends_count": 29319, "listed_count": 5, "created_at": "Sun Mar 04 16:02:41 +0000 2012", "favourites_count": 20641, "utc_offset": null, "time_zone": null, "geo_enabled": true, "verified": false, "statuses_count": 11761, "lang": "en", "status": {"created_at": "Wed Nov 14 06:44:07 +0000 2018", "id": 1062597024716087296, "id_str": "1062597024716087296", "text": "RT @RedneckEducated: @chicksonright @ECK888888 Probably because her husband likes them so much", "truncated": false, "entities": {"hashtags": [], "symbols": [], "user_mentions": [{"screen_name": "RedneckEducated", "name": "Captain Cargo Shorts", "id": 1001665679605555200, "id_str": "1001665679605555200", "indices": [3, 19]}, {"screen_name": "chicksonright", "name": "Chicks On The Right", "id": 69666298, "id_str": "69666298", "indices": [21, 35]}, {"screen_name": "ECK888888", "name": "\ud83c\uddfa\ud83c\uddf8\ud83c\uddfa\ud83c\uddf8 Eck \ud83c\uddfa\ud83c\uddf8\ud83c\uddfa\ud83c\uddf8", "id": 514485691, "id_str": "514485691", "indices": [36, 46]}], "urls": []}, "source": "<a href=\"http://twitter.com/download/iphone\" rel=\"nofollow\">Twitter for iPhone</a>", "in_reply_to_status_id": null, "in_reply_to_status_id_str": null, "in_reply_to_user_id": null, "in_reply_to_user_id_str": null, "in_reply_to_screen_name": null, "geo": null, "coordinates": null, "place": null, "contributors": null, "retweeted_status": {"created_at": "Wed Nov 14 06:42:06 +0000 2018", "id": 1062596518136500224, "id_str": "1062596518136500224", "text": "@chicksonright @ECK888888 Probably because her husband likes them so much", "truncated": false, "entities": {"hashtags": [], "symbols": [], "user_mentions": [{"screen_name": "chicksonright", "name": "Chicks On The Right", "id": 69666298, "id_str": "69666298", "indices": [0, 14]}, {"screen_name": "ECK888888", "name": "\ud83c\uddfa\ud83c\uddf8\ud83c\uddfa\ud83c\uddf8 Eck \ud83c\uddfa\ud83c\uddf8\ud83c\uddfa\ud83c\uddf8", "id": 514485691, "id_str": "514485691", "indices": [15, 25]}], "urls": []}, "source": "<a href=\"http://twitter.com/download/android\" rel=\"nofollow\">Twitter for Android</a>", "in_reply_to_status_id": 1062423401367851009, "in_reply_to_status_id_str": "1062423401367851009", "in_reply_to_user_id": 69666298, "in_reply_to_user_id_str": "69666298", "in_reply_to_screen_name": "chicksonright", "geo": null, "coordinates": null, "place": null, "contributors": null, "is_quote_status": false, "retweet_count": 1, "favorite_count": 1, "favorited": false, "retweeted": false, "lang": "en"}, "is_quote_status": false, "retweet_count": 1, "favorite_count": 0, "favorited": false, "retweeted": false, "lang": "en"}, "contributors_enabled": false, "is_translator": false, "is_translation_enabled": false, "profile_background_color": "C0DEED", "profile_background_image_url": "http://abs.twimg.com/images/themes/theme1/bg.png", "profile_background_image_url_https": "https://abs.twimg.com/images/themes/theme1/bg.png", "profile_background_tile": false, "profile_image_url": "http://pbs.twimg.com/profile_images/992968023559598085/ZIDEzzz6_normal.jpg", "profile_image_url_https": "https://pbs.twimg.com/profile_images/992968023559598085/ZIDEzzz6_normal.jpg", "profile_banner_url": "https://pbs.twimg.com/profile_banners/514485691/1521604765", "profile_link_color": "1DA1F2", "profile_sidebar_border_color": "C0DEED", "profile_sidebar_fill_color": "DDEEF6", "profile_text_color": "333333", "profile_use_background_image": true, "has_extended_profile": false, "default_profile": true, "default_profile_image": false, "following": false, "follow_request_sent": false, "notifications": false, "translator_type": "none"}