{"id": 725107570852171777, "id_str": "725107570852171777", "name": "Gerardo Garcia", "screen_name": "ggarcia238", "location": "", "profile_location": null, "description": "", "url": null, "entities": {"description": {"urls": []}}, "protected": false, "followers_count": 39, "friends_count": 28, "listed_count": 0, "created_at": "Tue Apr 26 23:41:31 +0000 2016", "favourites_count": 11436, "utc_offset": null, "time_zone": null, "geo_enabled": false, "verified": false, "statuses_count": 1895, "lang": "en", "status": {"created_at": "Thu Nov 15 19:50:01 +0000 2018", "id": 1063157192352686081, "id_str": "1063157192352686081", "text": "RT @charliekirk11: Young Kim - first Korean-American elected to Congress\n\nMarsha Blackburn - First female Senator from Tennessee\n\nKristi No\u2026", "truncated": false, "entities": {"hashtags": [], "symbols": [], "user_mentions": [{"screen_name": "charliekirk11", "name": "Charlie Kirk", "id": 292929271, "id_str": "292929271", "indices": [3, 17]}], "urls": []}, "source": "<a href=\"http://twitter.com/download/iphone\" rel=\"nofollow\">Twitter for iPhone</a>", "in_reply_to_status_id": null, "in_reply_to_status_id_str": null, "in_reply_to_user_id": null, "in_reply_to_user_id_str": null, "in_reply_to_screen_name": null, "geo": null, "coordinates": null, "place": null, "contributors": null, "retweeted_status": {"created_at": "Thu Nov 15 13:37:24 +0000 2018", "id": 1063063418146557953, "id_str": "1063063418146557953", "text": "Young Kim - first Korean-American elected to Congress\n\nMarsha Blackburn - First female Senator from Tennessee\n\nKris\u2026 https://t.co/VcOXxd1exv", "truncated": true, "entities": {"hashtags": [], "symbols": [], "user_mentions": [], "urls": [{"url": "https://t.co/VcOXxd1exv", "expanded_url": "https://twitter.com/i/web/status/1063063418146557953", "display_url": "twitter.com/i/web/status/1\u2026", "indices": [117, 140]}]}, "source": "<a href=\"http://twitter.com/download/iphone\" rel=\"nofollow\">Twitter for iPhone</a>", "in_reply_to_status_id": null, "in_reply_to_status_id_str": null, "in_reply_to_user_id": null, "in_reply_to_user_id_str": null, "in_reply_to_screen_name": null, "geo": null, "coordinates": null, "place": null, "contributors": null, "is_quote_status": false, "retweet_count": 13337, "favorite_count": 31314, "favorited": false, "retweeted": false, "lang": "en"}, "is_quote_status": false, "retweet_count": 13337, "favorite_count": 0, "favorited": false, "retweeted": false, "lang": "en"}, "contributors_enabled": false, "is_translator": false, "is_translation_enabled": false, "profile_background_color": "F5F8FA", "profile_background_image_url": null, "profile_background_image_url_https": null, "profile_background_tile": false, "profile_image_url": "http://abs.twimg.com/sticky/default_profile_images/default_profile_normal.png", "profile_image_url_https": "https://abs.twimg.com/sticky/default_profile_images/default_profile_normal.png", "profile_link_color": "1DA1F2", "profile_sidebar_border_color": "C0DEED", "profile_sidebar_fill_color": "DDEEF6", "profile_text_color": "333333", "profile_use_background_image": true, "has_extended_profile": false, "default_profile": true, "default_profile_image": true, "following": false, "follow_request_sent": false, "notifications": false, "translator_type": "none"}