{"id": 1001987471192838149, "id_str": "1001987471192838149", "name": "God Country Family", "screen_name": "godcountryfami2", "location": "", "profile_location": null, "description": "", "url": null, "entities": {"description": {"urls": []}}, "protected": false, "followers_count": 409, "friends_count": 897, "listed_count": 1, "created_at": "Thu May 31 00:43:23 +0000 2018", "favourites_count": 21184, "utc_offset": null, "time_zone": null, "geo_enabled": false, "verified": false, "statuses_count": 6391, "lang": "en", "status": {"created_at": "Thu Nov 15 21:02:53 +0000 2018", "id": 1063175530080620546, "id_str": "1063175530080620546", "text": "RT @mitchellvii: \"Border security is part of national security. Our units are in a position to enable the Border Patrol\u0092s law enforcement o\u2026", "truncated": false, "entities": {"hashtags": [], "symbols": [], "user_mentions": [{"screen_name": "mitchellvii", "name": "Bill Mitchell", "id": 17980523, "id_str": "17980523", "indices": [3, 15]}], "urls": []}, "source": "<a href=\"http://twitter.com\" rel=\"nofollow\">Twitter Web Client</a>", "in_reply_to_status_id": null, "in_reply_to_status_id_str": null, "in_reply_to_user_id": null, "in_reply_to_user_id_str": null, "in_reply_to_screen_name": null, "geo": null, "coordinates": null, "place": null, "contributors": null, "retweeted_status": {"created_at": "Thu Nov 15 21:00:24 +0000 2018", "id": 1063174902541357056, "id_str": "1063174902541357056", "text": "\"Border security is part of national security. Our units are in a position to enable the Border Patrol\u0092s law enforc\u2026 https://t.co/vpamJNiuc2", "truncated": true, "entities": {"hashtags": [], "symbols": [], "user_mentions": [], "urls": [{"url": "https://t.co/vpamJNiuc2", "expanded_url": "https://twitter.com/i/web/status/1063174902541357056", "display_url": "twitter.com/i/web/status/1\u2026", "indices": [117, 140]}]}, "source": "<a href=\"https://www.hootsuite.com\" rel=\"nofollow\">Hootsuite Inc.</a>", "in_reply_to_status_id": null, "in_reply_to_status_id_str": null, "in_reply_to_user_id": null, "in_reply_to_user_id_str": null, "in_reply_to_screen_name": null, "geo": null, "coordinates": null, "place": null, "contributors": null, "is_quote_status": false, "retweet_count": 21, "favorite_count": 31, "favorited": false, "retweeted": false, "possibly_sensitive": false, "lang": "en"}, "is_quote_status": false, "retweet_count": 21, "favorite_count": 0, "favorited": false, "retweeted": false, "lang": "en"}, "contributors_enabled": false, "is_translator": false, "is_translation_enabled": false, "profile_background_color": "000000", "profile_background_image_url": "http://abs.twimg.com/images/themes/theme1/bg.png", "profile_background_image_url_https": "https://abs.twimg.com/images/themes/theme1/bg.png", "profile_background_tile": false, "profile_image_url": "http://abs.twimg.com/sticky/default_profile_images/default_profile_normal.png", "profile_image_url_https": "https://abs.twimg.com/sticky/default_profile_images/default_profile_normal.png", "profile_link_color": "981CEB", "profile_sidebar_border_color": "000000", "profile_sidebar_fill_color": "000000", "profile_text_color": "000000", "profile_use_background_image": false, "has_extended_profile": false, "default_profile": false, "default_profile_image": true, "following": false, "follow_request_sent": false, "notifications": false, "translator_type": "none"}