{"id": 826219604125024258, "id_str": "826219604125024258", "name": "Hora m", "screen_name": "Horam2017", "location": "", "profile_location": null, "description": "", "url": null, "entities": {"description": {"urls": []}}, "protected": false, "followers_count": 22, "friends_count": 185, "listed_count": 0, "created_at": "Tue Jan 31 00:04:38 +0000 2017", "favourites_count": 1091, "utc_offset": null, "time_zone": null, "geo_enabled": false, "verified": false, "statuses_count": 276, "lang": "en", "status": {"created_at": "Thu Nov 15 11:48:29 +0000 2018", "id": 1063036007526866946, "id_str": "1063036007526866946", "text": "That guy deserves to be suspended,  disgusting act, it's more like an assault. https://t.co/xnBmFlT9kt", "truncated": false, "entities": {"hashtags": [], "symbols": [], "user_mentions": [], "urls": [{"url": "https://t.co/xnBmFlT9kt", "expanded_url": "https://twitter.com/Complex/status/1062921091117649920", "display_url": "twitter.com/Complex/status\u2026", "indices": [79, 102]}]}, "source": "<a href=\"http://twitter.com/download/android\" rel=\"nofollow\">Twitter for Android</a>", "in_reply_to_status_id": null, "in_reply_to_status_id_str": null, "in_reply_to_user_id": null, "in_reply_to_user_id_str": null, "in_reply_to_screen_name": null, "geo": null, "coordinates": null, "place": null, "contributors": null, "is_quote_status": true, "quoted_status_id": 1062921091117649920, "quoted_status_id_str": "1062921091117649920", "retweet_count": 0, "favorite_count": 0, "favorited": false, "retweeted": false, "possibly_sensitive": false, "lang": "en"}, "contributors_enabled": false, "is_translator": false, "is_translation_enabled": false, "profile_background_color": "F5F8FA", "profile_background_image_url": null, "profile_background_image_url_https": null, "profile_background_tile": false, "profile_image_url": "http://abs.twimg.com/sticky/default_profile_images/default_profile_normal.png", "profile_image_url_https": "https://abs.twimg.com/sticky/default_profile_images/default_profile_normal.png", "profile_link_color": "1DA1F2", "profile_sidebar_border_color": "C0DEED", "profile_sidebar_fill_color": "DDEEF6", "profile_text_color": "333333", "profile_use_background_image": true, "has_extended_profile": false, "default_profile": true, "default_profile_image": true, "following": false, "follow_request_sent": false, "notifications": false, "translator_type": "none"}