{"id": 474468460, "id_str": "474468460", "name": "RHUL777", "screen_name": "HULSEYR7", "location": "United States (I follow back)", "profile_location": null, "description": "A Christian\u271d\ufe0fGod first\u271d\ufe0f #Trump Train \ud83d\ude82 God\ud83d\udcaf #kAG Trump2020\ud83c\uddfa\ud83c\uddf8love America\ud83d\udcafMAGA\ud83c\uddfa\ud83c\uddf8\ud83d\udcafTotally Trump conservativ\ud83d\udca5Love Jesus Christ\u271d\ufe0fstump forTrump \ud83d\udd25Trump\ud83d\udcaf", "url": null, "entities": {"description": {"urls": []}}, "protected": false, "followers_count": 3189, "friends_count": 3160, "listed_count": 3, "created_at": "Thu Jan 26 01:12:33 +0000 2012", "favourites_count": 2799, "utc_offset": null, "time_zone": null, "geo_enabled": true, "verified": false, "statuses_count": 3734, "lang": "en", "status": {"created_at": "Thu Nov 15 03:21:00 +0000 2018", "id": 1062908298037473280, "id_str": "1062908298037473280", "text": "@Dawnweb08790356 @13Freedom221 @FatherofEssen @TrumpsAsianChic @ElleJ35885641 @RedStormNow @StaceZee333\u2026 https://t.co/2aIGufHuOs", "truncated": true, "entities": {"hashtags": [], "symbols": [], "user_mentions": [{"screen_name": "Dawnweb08790356", "name": "Guter", "id": 1052026691873382400, "id_str": "1052026691873382400", "indices": [0, 16]}, {"screen_name": "13Freedom221", "name": "InterdimensionalEye13 \ud83d\udc41\ufe0f", "id": 834548631445217280, "id_str": "834548631445217280", "indices": [17, 30]}, {"screen_name": "FatherofEssen", "name": "\u274cEssen Nauchten Essen\u274c", "id": 919710685189242880, "id_str": "919710685189242880", "indices": [31, 45]}, {"screen_name": "TrumpsAsianChic", "name": "AsianTrumpfan", "id": 1031848155912925185, "id_str": "1031848155912925185", "indices": [46, 62]}, {"screen_name": "ElleJ35885641", "name": "Elle J", "id": 1003980452808613890, "id_str": "1003980452808613890", "indices": [63, 77]}, {"screen_name": "RedStormNow", "name": "John Doe \ud83c\uddfa\ud83c\uddf8", "id": 740928622735859712, "id_str": "740928622735859712", "indices": [78, 90]}, {"screen_name": "StaceZee333", "name": "\ud83c\udd98\ud83d\udea8Stacey Marie \ud83c\udd98\ud83d\udea8", "id": 774971892675510272, "id_str": "774971892675510272", "indices": [91, 103]}], "urls": [{"url": "https://t.co/2aIGufHuOs", "expanded_url": "https://twitter.com/i/web/status/1062908298037473280", "display_url": "twitter.com/i/web/status/1\u2026", "indices": [105, 128]}]}, "source": "<a href=\"http://twitter.com/download/iphone\" rel=\"nofollow\">Twitter for iPhone</a>", "in_reply_to_status_id": 1062907941932687360, "in_reply_to_status_id_str": "1062907941932687360", "in_reply_to_user_id": 1052026691873382400, "in_reply_to_user_id_str": "1052026691873382400", "in_reply_to_screen_name": "Dawnweb08790356", "geo": null, "coordinates": null, "place": null, "contributors": null, "is_quote_status": false, "retweet_count": 0, "favorite_count": 2, "favorited": false, "retweeted": false, "lang": "en"}, "contributors_enabled": false, "is_translator": false, "is_translation_enabled": false, "profile_background_color": "C0DEED", "profile_background_image_url": "http://abs.twimg.com/images/themes/theme1/bg.png", "profile_background_image_url_https": "https://abs.twimg.com/images/themes/theme1/bg.png", "profile_background_tile": false, "profile_image_url": "http://pbs.twimg.com/profile_images/1061056042241585153/dHjd8Jj2_normal.jpg", "profile_image_url_https": "https://pbs.twimg.com/profile_images/1061056042241585153/dHjd8Jj2_normal.jpg", "profile_banner_url": "https://pbs.twimg.com/profile_banners/474468460/1540622662", "profile_link_color": "1DA1F2", "profile_sidebar_border_color": "C0DEED", "profile_sidebar_fill_color": "DDEEF6", "profile_text_color": "333333", "profile_use_background_image": true, "has_extended_profile": false, "default_profile": true, "default_profile_image": false, "following": false, "follow_request_sent": false, "notifications": false, "translator_type": "none"}