{"id": 989275391369064449, "id_str": "989275391369064449", "name": "Jan Schmidt", "screen_name": "JanSchm61866981", "location": "", "profile_location": null, "description": "", "url": null, "entities": {"description": {"urls": []}}, "protected": false, "followers_count": 11, "friends_count": 31, "listed_count": 0, "created_at": "Wed Apr 25 22:50:07 +0000 2018", "favourites_count": 1411, "utc_offset": null, "time_zone": null, "geo_enabled": false, "verified": false, "statuses_count": 6, "lang": "en", "status": {"created_at": "Fri Oct 19 16:09:18 +0000 2018", "id": 1053317172062240769, "id_str": "1053317172062240769", "text": "RT @WarrenDavidson: Great, 100% accurate, article by @kenblackwell highlighting Operation Choke Point - a story the media continues to supp\u2026", "truncated": false, "entities": {"hashtags": [], "symbols": [], "user_mentions": [{"screen_name": "WarrenDavidson", "name": "Warren Davidson", "id": 742735530287304704, "id_str": "742735530287304704", "indices": [3, 18]}, {"screen_name": "kenblackwell", "name": "J. Kenneth Blackwell", "id": 17993620, "id_str": "17993620", "indices": [53, 66]}], "urls": []}, "source": "<a href=\"http://twitter.com/download/android\" rel=\"nofollow\">Twitter for Android</a>", "in_reply_to_status_id": null, "in_reply_to_status_id_str": null, "in_reply_to_user_id": null, "in_reply_to_user_id_str": null, "in_reply_to_screen_name": null, "geo": null, "coordinates": null, "place": null, "contributors": null, "retweeted_status": {"created_at": "Fri Oct 19 03:56:17 +0000 2018", "id": 1053132704965947392, "id_str": "1053132704965947392", "text": "Great, 100% accurate, article by @kenblackwell highlighting Operation Choke Point - a story the media continues to\u2026 https://t.co/NWJW7LDOh3", "truncated": true, "entities": {"hashtags": [], "symbols": [], "user_mentions": [{"screen_name": "kenblackwell", "name": "J. Kenneth Blackwell", "id": 17993620, "id_str": "17993620", "indices": [33, 46]}], "urls": [{"url": "https://t.co/NWJW7LDOh3", "expanded_url": "https://twitter.com/i/web/status/1053132704965947392", "display_url": "twitter.com/i/web/status/1\u2026", "indices": [116, 139]}]}, "source": "<a href=\"http://twitter.com/download/android\" rel=\"nofollow\">Twitter for Android</a>", "in_reply_to_status_id": null, "in_reply_to_status_id_str": null, "in_reply_to_user_id": null, "in_reply_to_user_id_str": null, "in_reply_to_screen_name": null, "geo": null, "coordinates": null, "place": null, "contributors": null, "is_quote_status": false, "retweet_count": 49, "favorite_count": 67, "favorited": false, "retweeted": false, "possibly_sensitive": false, "lang": "en"}, "is_quote_status": false, "retweet_count": 49, "favorite_count": 0, "favorited": false, "retweeted": false, "lang": "en"}, "contributors_enabled": false, "is_translator": false, "is_translation_enabled": false, "profile_background_color": "F5F8FA", "profile_background_image_url": null, "profile_background_image_url_https": null, "profile_background_tile": false, "profile_image_url": "http://abs.twimg.com/sticky/default_profile_images/default_profile_normal.png", "profile_image_url_https": "https://abs.twimg.com/sticky/default_profile_images/default_profile_normal.png", "profile_link_color": "1DA1F2", "profile_sidebar_border_color": "C0DEED", "profile_sidebar_fill_color": "DDEEF6", "profile_text_color": "333333", "profile_use_background_image": true, "has_extended_profile": false, "default_profile": true, "default_profile_image": true, "following": false, "follow_request_sent": false, "notifications": false, "translator_type": "none"}