{"id": 2149437525, "id_str": "2149437525", "name": "Tazzmaniac Nationalist \ud83d\udd31\ud83c\uddec\ud83c\udde7\ud83c\uddfa\ud83c\uddf8\u2b50\ufe0f\u2b50\ufe0f\u2b50\ufe0f", "screen_name": "kjbtazz", "location": "", "profile_location": null, "description": "Pro Aris et Focis #GreatAwakening #QAnon #WeThePeople WWG1WGA", "url": null, "entities": {"description": {"urls": []}}, "protected": false, "followers_count": 4103, "friends_count": 4898, "listed_count": 174, "created_at": "Wed Oct 23 11:09:50 +0000 2013", "favourites_count": 97763, "utc_offset": null, "time_zone": null, "geo_enabled": true, "verified": false, "statuses_count": 145559, "lang": "en-gb", "status": {"created_at": "Thu Nov 15 20:53:23 +0000 2018", "id": 1063173136399679488, "id_str": "1063173136399679488", "text": "RT @ali: Felonious FL Democrats were organizing a broader statewide effort beyond those counties to give voters the altered forms to fix im\u2026", "truncated": false, "entities": {"hashtags": [], "symbols": [], "user_mentions": [{"screen_name": "ali", "name": "Ali Alexander \ud83c\uddfa\ud83c\uddf8", "id": 6782762, "id_str": "6782762", "indices": [3, 7]}], "urls": []}, "source": "<a href=\"http://twitter.com/download/iphone\" rel=\"nofollow\">Twitter for iPhone</a>", "in_reply_to_status_id": null, "in_reply_to_status_id_str": null, "in_reply_to_user_id": null, "in_reply_to_user_id_str": null, "in_reply_to_screen_name": null, "geo": null, "coordinates": null, "place": null, "contributors": null, "retweeted_status": {"created_at": "Thu Nov 15 20:51:39 +0000 2018", "id": 1063172700204683264, "id_str": "1063172700204683264", "text": "Felonious FL Democrats were organizing a broader statewide effort beyond those counties to give voters the altered\u2026 https://t.co/YFE9D3BmpG", "truncated": true, "entities": {"hashtags": [], "symbols": [], "user_mentions": [], "urls": [{"url": "https://t.co/YFE9D3BmpG", "expanded_url": "https://twitter.com/i/web/status/1063172700204683264", "display_url": "twitter.com/i/web/status/1\u2026", "indices": [116, 139]}]}, "source": "<a href=\"http://twitter.com/download/iphone\" rel=\"nofollow\">Twitter for iPhone</a>", "in_reply_to_status_id": null, "in_reply_to_status_id_str": null, "in_reply_to_user_id": null, "in_reply_to_user_id_str": null, "in_reply_to_screen_name": null, "geo": null, "coordinates": null, "place": {"id": "778af41ffb719450", "url": "https://api.twitter.com/1.1/geo/id/778af41ffb719450.json", "place_type": "city", "name": "Coral Gables", "full_name": "Coral Gables, FL", "country_code": "US", "country": "United States", "contained_within": [], "bounding_box": {"type": "Polygon", "coordinates": [[[-80.297165, 25.627038], [-80.245009, 25.627038], [-80.245009, 25.771859], [-80.297165, 25.771859]]]}, "attributes": {}}, "contributors": null, "is_quote_status": false, "retweet_count": 31, "favorite_count": 35, "favorited": false, "retweeted": false, "possibly_sensitive": false, "lang": "en"}, "is_quote_status": false, "retweet_count": 31, "favorite_count": 0, "favorited": false, "retweeted": false, "lang": "en"}, "contributors_enabled": false, "is_translator": false, "is_translation_enabled": false, "profile_background_color": "C0DEED", "profile_background_image_url": "http://abs.twimg.com/images/themes/theme1/bg.png", "profile_background_image_url_https": "https://abs.twimg.com/images/themes/theme1/bg.png", "profile_background_tile": false, "profile_image_url": "http://pbs.twimg.com/profile_images/919334375400947712/vVXhvKf6_normal.jpg", "profile_image_url_https": "https://pbs.twimg.com/profile_images/919334375400947712/vVXhvKf6_normal.jpg", "profile_banner_url": "https://pbs.twimg.com/profile_banners/2149437525/1532825300", "profile_link_color": "1DA1F2", "profile_sidebar_border_color": "C0DEED", "profile_sidebar_fill_color": "DDEEF6", "profile_text_color": "333333", "profile_use_background_image": true, "has_extended_profile": false, "default_profile": true, "default_profile_image": false, "following": false, "follow_request_sent": false, "notifications": false, "translator_type": "none"}