{"id": 1062794445370912773, "id_str": "1062794445370912773", "name": "Lisa Lovely", "screen_name": "LisaLov80831185", "location": "Texas, USA", "profile_location": {"id": "e0060cda70f5f341", "url": "https://api.twitter.com/1.1/geo/id/e0060cda70f5f341.json", "place_type": "unknown", "name": "Texas, USA", "full_name": "Texas, USA", "country_code": "", "country": "", "contained_within": [], "bounding_box": null, "attributes": {}}, "description": "single", "url": null, "entities": {"description": {"urls": []}}, "protected": false, "followers_count": 9, "friends_count": 89, "listed_count": 0, "created_at": "Wed Nov 14 19:48:36 +0000 2018", "favourites_count": 46, "utc_offset": null, "time_zone": null, "geo_enabled": false, "verified": false, "statuses_count": 46, "lang": "en", "status": {"created_at": "Thu Nov 15 07:23:16 +0000 2018", "id": 1062969263701540864, "id_str": "1062969263701540864", "text": "RT @Cernovich: - Our law enforcement sources say Avenatti was arrested Wednesday after his estranged wife filed a felony DV report. We're t\u2026", "truncated": false, "entities": {"hashtags": [], "symbols": [], "user_mentions": [{"screen_name": "Cernovich", "name": "Mike Cernovich \ud83c\uddfa\ud83c\uddf8", "id": 358545917, "id_str": "358545917", "indices": [3, 13]}], "urls": []}, "source": "<a href=\"http://twitter.com/download/android\" rel=\"nofollow\">Twitter for Android</a>", "in_reply_to_status_id": null, "in_reply_to_status_id_str": null, "in_reply_to_user_id": null, "in_reply_to_user_id_str": null, "in_reply_to_screen_name": null, "geo": null, "coordinates": null, "place": null, "contributors": null, "retweeted_status": {"created_at": "Wed Nov 14 23:08:20 +0000 2018", "id": 1062844712749416450, "id_str": "1062844712749416450", "text": "- Our law enforcement sources say Avenatti was arrested Wednesday after his estranged wife filed a felony DV report\u2026 https://t.co/6rfSqNt38y", "truncated": true, "entities": {"hashtags": [], "symbols": [], "user_mentions": [], "urls": [{"url": "https://t.co/6rfSqNt38y", "expanded_url": "https://twitter.com/i/web/status/1062844712749416450", "display_url": "twitter.com/i/web/status/1\u2026", "indices": [117, 140]}]}, "source": "<a href=\"http://twitter.com/download/iphone\" rel=\"nofollow\">Twitter for iPhone</a>", "in_reply_to_status_id": null, "in_reply_to_status_id_str": null, "in_reply_to_user_id": null, "in_reply_to_user_id_str": null, "in_reply_to_screen_name": null, "geo": null, "coordinates": null, "place": null, "contributors": null, "is_quote_status": false, "retweet_count": 205, "favorite_count": 385, "favorited": false, "retweeted": false, "possibly_sensitive": false, "lang": "en"}, "is_quote_status": false, "retweet_count": 205, "favorite_count": 0, "favorited": false, "retweeted": false, "lang": "en"}, "contributors_enabled": false, "is_translator": false, "is_translation_enabled": false, "profile_background_color": "F5F8FA", "profile_background_image_url": null, "profile_background_image_url_https": null, "profile_background_tile": false, "profile_image_url": "http://pbs.twimg.com/profile_images/1062798701243052032/vfj0bck0_normal.jpg", "profile_image_url_https": "https://pbs.twimg.com/profile_images/1062798701243052032/vfj0bck0_normal.jpg", "profile_banner_url": "https://pbs.twimg.com/profile_banners/1062794445370912773/1542225929", "profile_link_color": "1DA1F2", "profile_sidebar_border_color": "C0DEED", "profile_sidebar_fill_color": "DDEEF6", "profile_text_color": "333333", "profile_use_background_image": true, "has_extended_profile": true, "default_profile": true, "default_profile_image": false, "following": false, "follow_request_sent": false, "notifications": false, "translator_type": "none"}