{"id": 1059241909112193026, "id_str": "1059241909112193026", "name": "TexasGirl3628", "screen_name": "MaeWest52499669", "location": "", "profile_location": null, "description": "#MAGA Patriot!!  chefs wife! momma  of 4!!  new account.Censorship is real.lost over 1400 followers on my now 4ever suspended old account! #God Bless America", "url": null, "entities": {"description": {"urls": []}}, "protected": false, "followers_count": 129, "friends_count": 159, "listed_count": 0, "created_at": "Mon Nov 05 00:32:05 +0000 2018", "favourites_count": 1082, "utc_offset": null, "time_zone": null, "geo_enabled": false, "verified": false, "statuses_count": 1282, "lang": "en", "status": {"created_at": "Thu Nov 15 21:00:21 +0000 2018", "id": 1063174890075930630, "id_str": "1063174890075930630", "text": "@PollackHunter That seems fishy. A 26 minute surveillance camera delay??", "truncated": false, "entities": {"hashtags": [], "symbols": [], "user_mentions": [{"screen_name": "PollackHunter", "name": "Hunter Pollack", "id": 346384148, "id_str": "346384148", "indices": [0, 14]}], "urls": []}, "source": "<a href=\"http://twitter.com/download/android\" rel=\"nofollow\">Twitter for Android</a>", "in_reply_to_status_id": 1063079181192437765, "in_reply_to_status_id_str": "1063079181192437765", "in_reply_to_user_id": 346384148, "in_reply_to_user_id_str": "346384148", "in_reply_to_screen_name": "PollackHunter", "geo": null, "coordinates": null, "place": null, "contributors": null, "is_quote_status": false, "retweet_count": 0, "favorite_count": 0, "favorited": false, "retweeted": false, "lang": "en"}, "contributors_enabled": false, "is_translator": false, "is_translation_enabled": false, "profile_background_color": "F5F8FA", "profile_background_image_url": null, "profile_background_image_url_https": null, "profile_background_tile": false, "profile_image_url": "http://pbs.twimg.com/profile_images/1060677829397020672/SWvkQffU_normal.jpg", "profile_image_url_https": "https://pbs.twimg.com/profile_images/1060677829397020672/SWvkQffU_normal.jpg", "profile_banner_url": "https://pbs.twimg.com/profile_banners/1059241909112193026/1541386697", "profile_link_color": "1DA1F2", "profile_sidebar_border_color": "C0DEED", "profile_sidebar_fill_color": "DDEEF6", "profile_text_color": "333333", "profile_use_background_image": true, "has_extended_profile": false, "default_profile": true, "default_profile_image": false, "following": false, "follow_request_sent": false, "notifications": false, "translator_type": "none"}