{"id": 1006877247595319296, "id_str": "1006877247595319296", "name": "Molly", "screen_name": "MollyV178", "location": "United States", "profile_location": null, "description": "Doctor, medicine, traveler, loving life, #MAGA, #trump2020 \ud83c\uddfa\ud83c\uddf8 proud to be an American! \ud83c\uddfa\ud83c\uddf8 will follow back all patriots", "url": null, "entities": {"description": {"urls": []}}, "protected": false, "followers_count": 37668, "friends_count": 37465, "listed_count": 13, "created_at": "Wed Jun 13 12:33:37 +0000 2018", "favourites_count": 9840, "utc_offset": null, "time_zone": null, "geo_enabled": false, "verified": false, "statuses_count": 3970, "lang": "en", "status": {"created_at": "Thu Nov 15 20:32:12 +0000 2018", "id": 1063167806504493056, "id_str": "1063167806504493056", "text": "@24k_Blonde @Dr_Kaco @Darrylb381 @chattanooga1977 @Randal68052371 @midnightrider46 @karlacny @currie14_kelly\u2026 https://t.co/oPrmAWXYg6", "truncated": true, "entities": {"hashtags": [], "symbols": [], "user_mentions": [{"screen_name": "24k_Blonde", "name": "\ud83d\udc9b\ud835\udfd0\ud835\udfd2\ud835\udc24_\ud835\udd6d\ud835\udd91\ud835\udd94\ud835\udd93\ud835\udd89\ud835\udd8a\ud83d\udc9b", "id": 4904210669, "id_str": "4904210669", "indices": [0, 11]}, {"screen_name": "Dr_Kaco", "name": "\ud83d\udd25\ud83c\uddfa\ud83c\uddf8 Doc MAGA \ud83d\udc80 Reaper Crew\ud83c\uddfa\ud83c\uddf8\ud83d\udd25", "id": 723646664943128576, "id_str": "723646664943128576", "indices": [12, 20]}, {"screen_name": "Darrylb381", "name": "Darrylb38", "id": 1016685365544083456, "id_str": "1016685365544083456", "indices": [21, 32]}, {"screen_name": "chattanooga1977", "name": "\ud83d\udcafSoutherngirl \u2764\ufe0f", "id": 2743250912, "id_str": "2743250912", "indices": [33, 49]}, {"screen_name": "Randal68052371", "name": "\u274cSquishySquid\u274c", "id": 1013556337194647553, "id_str": "1013556337194647553", "indices": [50, 65]}, {"screen_name": "midnightrider46", "name": "midnightrider", "id": 3260756930, "id_str": "3260756930", "indices": [66, 82]}, {"screen_name": "karlacny", "name": "\ud83d\udda4 Karla \u2b50\ufe0fWWG1WGA\u2b50\ufe0f", "id": 1038779346562031616, "id_str": "1038779346562031616", "indices": [83, 92]}, {"screen_name": "currie14_kelly", "name": "Kelly C @Bessi", "id": 992870137240764417, "id_str": "992870137240764417", "indices": [93, 108]}], "urls": [{"url": "https://t.co/oPrmAWXYg6", "expanded_url": "https://twitter.com/i/web/status/1063167806504493056", "display_url": "twitter.com/i/web/status/1\u2026", "indices": [110, 133]}]}, "source": "<a href=\"http://twitter.com\" rel=\"nofollow\">Twitter Web Client</a>", "in_reply_to_status_id": 1063166555196817409, "in_reply_to_status_id_str": "1063166555196817409", "in_reply_to_user_id": 4904210669, "in_reply_to_user_id_str": "4904210669", "in_reply_to_screen_name": "24k_Blonde", "geo": null, "coordinates": null, "place": null, "contributors": null, "is_quote_status": false, "retweet_count": 2, "favorite_count": 4, "favorited": false, "retweeted": false, "lang": "en"}, "contributors_enabled": false, "is_translator": false, "is_translation_enabled": false, "profile_background_color": "000000", "profile_background_image_url": "http://abs.twimg.com/images/themes/theme1/bg.png", "profile_background_image_url_https": "https://abs.twimg.com/images/themes/theme1/bg.png", "profile_background_tile": false, "profile_image_url": "http://pbs.twimg.com/profile_images/1040457108297117697/VyvtagBa_normal.jpg", "profile_image_url_https": "https://pbs.twimg.com/profile_images/1040457108297117697/VyvtagBa_normal.jpg", "profile_banner_url": "https://pbs.twimg.com/profile_banners/1006877247595319296/1531652871", "profile_link_color": "0F1111", "profile_sidebar_border_color": "000000", "profile_sidebar_fill_color": "000000", "profile_text_color": "000000", "profile_use_background_image": false, "has_extended_profile": false, "default_profile": false, "default_profile_image": false, "following": false, "follow_request_sent": false, "notifications": false, "translator_type": "none"}