{"id": 1041826990989496320, "id_str": "1041826990989496320", "name": "Tko", "screen_name": "Tko77457444", "location": "", "profile_location": null, "description": "", "url": null, "entities": {"description": {"urls": []}}, "protected": false, "followers_count": 1698, "friends_count": 1413, "listed_count": 3, "created_at": "Mon Sep 17 23:11:25 +0000 2018", "favourites_count": 1504, "utc_offset": null, "time_zone": null, "geo_enabled": false, "verified": false, "statuses_count": 589, "lang": "en", "status": {"created_at": "Wed Nov 14 07:45:07 +0000 2018", "id": 1062612377785511936, "id_str": "1062612377785511936", "text": "RT @Qanon8chan: Eyes On, VIP Patriots!\nThe World Is Watching\n#QAnon #WWG1WGA #VoteRed\n@tinksmom38\n@BillCITRMS\n@Amberwinborn\n@DocCamo\n@Rober\u2026", "truncated": false, "entities": {"hashtags": [{"text": "QAnon", "indices": [61, 67]}, {"text": "WWG1WGA", "indices": [68, 76]}, {"text": "VoteRed", "indices": [77, 85]}], "symbols": [], "user_mentions": [{"screen_name": "Qanon8chan", "name": "Qanon8chan", "id": 1014570845954600962, "id_str": "1014570845954600962", "indices": [3, 14]}, {"screen_name": "tinksmom38", "name": "BeBe", "id": 467862987, "id_str": "467862987", "indices": [86, 97]}, {"screen_name": "BillCITRMS", "name": "Bill Guyther CITRMS", "id": 21534255, "id_str": "21534255", "indices": [98, 109]}, {"screen_name": "Amberwinborn", "name": "Amberwinborn", "id": 15649923, "id_str": "15649923", "indices": [110, 123]}, {"screen_name": "DocCamo", "name": "\ud83c\uddfa\ud83c\uddf8Political Pruner\ud83d\udc4d#Q", "id": 820094591781236736, "id_str": "820094591781236736", "indices": [124, 132]}], "urls": []}, "source": "<a href=\"http://twitter.com/download/android\" rel=\"nofollow\">Twitter for Android</a>", "in_reply_to_status_id": null, "in_reply_to_status_id_str": null, "in_reply_to_user_id": null, "in_reply_to_user_id_str": null, "in_reply_to_screen_name": null, "geo": null, "coordinates": null, "place": null, "contributors": null, "retweeted_status": {"created_at": "Sun Nov 04 23:59:40 +0000 2018", "id": 1059233750469488640, "id_str": "1059233750469488640", "text": "Eyes On, VIP Patriots!\nThe World Is Watching\n#QAnon #WWG1WGA #VoteRed\n@tinksmom38\n@BillCITRMS\n@Amberwinborn\u2026 https://t.co/Q9S11sKXhR", "truncated": true, "entities": {"hashtags": [{"text": "QAnon", "indices": [45, 51]}, {"text": "WWG1WGA", "indices": [52, 60]}, {"text": "VoteRed", "indices": [61, 69]}], "symbols": [], "user_mentions": [{"screen_name": "tinksmom38", "name": "BeBe", "id": 467862987, "id_str": "467862987", "indices": [70, 81]}, {"screen_name": "BillCITRMS", "name": "Bill Guyther CITRMS", "id": 21534255, "id_str": "21534255", "indices": [82, 93]}, {"screen_name": "Amberwinborn", "name": "Amberwinborn", "id": 15649923, "id_str": "15649923", "indices": [94, 107]}], "urls": [{"url": "https://t.co/Q9S11sKXhR", "expanded_url": "https://twitter.com/i/web/status/1059233750469488640", "display_url": "twitter.com/i/web/status/1\u2026", "indices": [109, 132]}]}, "source": "<a href=\"http://twitter.com\" rel=\"nofollow\">Twitter Web Client</a>", "in_reply_to_status_id": 1059233748833763329, "in_reply_to_status_id_str": "1059233748833763329", "in_reply_to_user_id": 1014570845954600962, "in_reply_to_user_id_str": "1014570845954600962", "in_reply_to_screen_name": "Qanon8chan", "geo": null, "coordinates": null, "place": null, "contributors": null, "is_quote_status": false, "retweet_count": 12, "favorite_count": 29, "favorited": false, "retweeted": false, "lang": "en"}, "is_quote_status": false, "retweet_count": 12, "favorite_count": 0, "favorited": false, "retweeted": false, "lang": "en"}, "contributors_enabled": false, "is_translator": false, "is_translation_enabled": false, "profile_background_color": "F5F8FA", "profile_background_image_url": null, "profile_background_image_url_https": null, "profile_background_tile": false, "profile_image_url": "http://abs.twimg.com/sticky/default_profile_images/default_profile_normal.png", "profile_image_url_https": "https://abs.twimg.com/sticky/default_profile_images/default_profile_normal.png", "profile_link_color": "1DA1F2", "profile_sidebar_border_color": "C0DEED", "profile_sidebar_fill_color": "DDEEF6", "profile_text_color": "333333", "profile_use_background_image": true, "has_extended_profile": false, "default_profile": true, "default_profile_image": true, "following": false, "follow_request_sent": false, "notifications": false, "translator_type": "none"}